_id,productTitle,productPrice,productUrl,paginationUrl,productImage,shop,__v,createdAt,updatedAt
65dee07bdb60e39590030643,Beautifully Butterfully Caterer’s Selection Buttery Spread 1kg,4.99,https://www.aldi.com.au/groceries/fresh-produce/dairy-eggs/dairy-eggs-detail/ps/p/beautifully-butterfully-caterers-selection-buttery/,https://www.aldi.com.au/groceries/fresh-produce/dairy-eggs/,https://www.aldi.com.au/fileadmin/_processed_/6/4/csm_ALN3354_Q2-WEB-AUDIT_1x1_228x128_16_c707222e28.jpg,Aldi,0,2024-02-28T07:27:55.362Z,2024-02-28T07:27:55.362Z
65dee07bdb60e3959003063d,Beautifully Butterfully Dairy Spread 500g,4.79,https://www.aldi.com.au/groceries/fresh-produce/dairy-eggs/dairy-eggs-detail/ps/p/beautifully-butterfully-dairy-spread-500g/,https://www.aldi.com.au/groceries/fresh-produce/dairy-eggs/,https://www.aldi.com.au/fileadmin/_processed_/0/7/csm_1001829-2_Q1-WEB-AUDIT_DAIRY-EGGS_1x1_228x128_14_RET_a28b526f5a.png,Aldi,0,2024-02-28T07:27:55.361Z,2024-02-28T07:27:55.361Z
65dee07bdb60e39590030631,Biocult Fermented Milk 5 x 65ml,3.19,https://www.aldi.com.au/groceries/fresh-produce/dairy-eggs/dairy-eggs-detail/ps/p/biocult-fermented-milk-5-x-65ml/,https://www.aldi.com.au/groceries/fresh-produce/dairy-eggs/,,Aldi,0,2024-02-28T07:27:55.361Z,2024-02-28T07:27:55.361Z
65dee07bdb60e3959003066f,Brooklea Family Lite Yogurt 1kg,3.79,https://www.aldi.com.au/groceries/fresh-produce/dairy-eggs/dairy-eggs-detail/ps/p/brooklea-family-lite-yogurt-1kg/,https://www.aldi.com.au/groceries/fresh-produce/dairy-eggs/,https://www.aldi.com.au/fileadmin/_processed_/4/b/csm_1001829-2_Q1-WEB-AUDIT_DAIRY-EGGS_1x1_228x128_6_RET_e1e93a88f5.png,Aldi,0,2024-02-28T07:27:55.365Z,2024-02-28T07:27:55.365Z
65dee07bdb60e39590030673,Brooklea Greek Style Yoghurt No Added Sugar 750g,4.99,https://www.aldi.com.au/groceries/fresh-produce/dairy-eggs/dairy-eggs-detail/ps/p/brooklea-greek-style-yoghurt-no-added-sugar-750g/,https://www.aldi.com.au/groceries/fresh-produce/dairy-eggs/,https://www.aldi.com.au/fileadmin/_processed_/b/0/csm_1001829-2_Q1-WEB-AUDIT_DAIRY-EGGS_1x1_228x128_3_RET_105e277d6c.png,Aldi,0,2024-02-28T07:27:55.365Z,2024-02-28T07:27:55.365Z
65dee07bdb60e39590030675,Brooklea Joi Deluxe Yogurt Classics 6 x 150g,3.99,https://www.aldi.com.au/groceries/fresh-produce/dairy-eggs/dairy-eggs-detail/ps/p/brooklea-joi-deluxe-yogurt-classics-6-x-150g/,https://www.aldi.com.au/groceries/fresh-produce/dairy-eggs/,https://www.aldi.com.au/fileadmin/_processed_/c/b/csm_1001829-2_Q1-WEB-AUDIT_DAIRY-EGGS_1x1_228x128_11_RET_67b41a9654.png,Aldi,0,2024-02-28T07:27:55.365Z,2024-02-28T07:27:55.365Z
65dee07bdb60e3959003066e,Brooklea Joi Mango Yogurt 1kg,3.79,https://www.aldi.com.au/groceries/fresh-produce/dairy-eggs/dairy-eggs-detail/ps/p/brooklea-joi-mango-yogurt-1kg/,https://www.aldi.com.au/groceries/fresh-produce/dairy-eggs/,https://www.aldi.com.au/fileadmin/_processed_/9/e/csm_1001829-2_Q1-WEB-AUDIT_DAIRY-EGGS_1x1_228x128_5_RET_5b74b46ba0.png,Aldi,0,2024-02-28T07:27:55.364Z,2024-02-28T07:27:55.364Z
65dee07bdb60e39590030670,Brooklea Organic Natural Yogurt 1kg,4.99,https://www.aldi.com.au/groceries/fresh-produce/dairy-eggs/dairy-eggs-detail/ps/p/brooklea-organic-natural-yogurt-1kg/,https://www.aldi.com.au/groceries/fresh-produce/dairy-eggs/,https://www.aldi.com.au/fileadmin/_processed_/2/9/csm_1001829-2_Q1-WEB-AUDIT_DAIRY-EGGS_1x1_228x128_7_RET_ae10244ff1.png,Aldi,0,2024-02-28T07:27:55.365Z,2024-02-28T07:27:55.365Z
65dee07bdb60e39590030671,Brooklea Organic Vanilla Bean Yogurt 1kg,4.99,https://www.aldi.com.au/groceries/fresh-produce/dairy-eggs/dairy-eggs-detail/ps/p/brooklea-organic-vanilla-bean-yogurt-1kg/,https://www.aldi.com.au/groceries/fresh-produce/dairy-eggs/,https://www.aldi.com.au/fileadmin/_processed_/b/1/csm_1001829-2_Q1-WEB-AUDIT_DAIRY-EGGS_1x1_228x128_8_RET_bf8d82ff9f.png,Aldi,0,2024-02-28T07:27:55.365Z,2024-02-28T07:27:55.365Z
65dee07bdb60e39590030677,Brooklea Yogurt Assorted Varieties 100g,1.69,https://www.aldi.com.au/groceries/fresh-produce/dairy-eggs/dairy-eggs-detail/ps/p/brooklea-yogurt-assorted-varieties-100g/,https://www.aldi.com.au/groceries/fresh-produce/dairy-eggs/,https://www.aldi.com.au/fileadmin/_processed_/3/7/csm_1001829-2_Q1-WEB-AUDIT_DAIRY-EGGS_1x1_228x128_13_RET_R_b78e872bdd.png,Aldi,0,2024-02-28T07:27:55.365Z,2024-02-28T07:27:55.365Z
65dee07bdb60e39590030676,Brooklea Yogurt Squishies 70g,69,https://www.aldi.com.au/groceries/fresh-produce/dairy-eggs/dairy-eggs-detail/ps/p/brooklea-yogurt-squishies-70g/,https://www.aldi.com.au/groceries/fresh-produce/dairy-eggs/,https://www.aldi.com.au/fileadmin/_processed_/9/e/csm_1001829-2_Q1-WEB-AUDIT_DAIRY-EGGS_1x1_228x128_12_RET_c0d16e7b1b.png,Aldi,0,2024-02-28T07:27:55.365Z,2024-02-28T07:27:55.365Z
65dee07bdb60e39590030626,CHAMP Chocolate Flavoured Milk 2L,3.99,https://www.aldi.com.au/groceries/fresh-produce/dairy-eggs/dairy-eggs-detail/ps/p/champ-chocolate-flavoured-milk-2l/,https://www.aldi.com.au/groceries/fresh-produce/dairy-eggs/,,Aldi,0,2024-02-28T07:27:55.360Z,2024-02-28T07:27:55.360Z
65dee07bdb60e39590030625,CHAMP Chocolate Flavoured Milk 600ml,2.79,https://www.aldi.com.au/groceries/fresh-produce/dairy-eggs/dairy-eggs-detail/ps/p/champ-chocolate-flavoured-milk-600ml/,https://www.aldi.com.au/groceries/fresh-produce/dairy-eggs/,https://www.aldi.com.au/fileadmin/_processed_/1/3/csm_1001349_ALN-1_1x1_Q3_WEB-AUDIT_228x128_28_35e3db5199.jpg,Aldi,0,2024-02-28T07:27:55.360Z,2024-02-28T07:27:55.360Z
65dee07bdb60e39590030624,CHAMP Iced Coffee Flavoured Milk 2L,3.99,https://www.aldi.com.au/groceries/fresh-produce/dairy-eggs/dairy-eggs-detail/ps/p/champ-iced-coffee-flavoured-milk-2l/,https://www.aldi.com.au/groceries/fresh-produce/dairy-eggs/,https://www.aldi.com.au/fileadmin/_processed_/d/6/csm_1001349_ALN-1_1x1_Q3_WEB-AUDIT_228x128_27_7f55a9644b.jpg,Aldi,0,2024-02-28T07:27:55.360Z,2024-02-28T07:27:55.360Z
65dee07bdb60e39590030623,CHAMP Iced Coffee Flavoured Milk 600ml,2.79,https://www.aldi.com.au/groceries/fresh-produce/dairy-eggs/dairy-eggs-detail/ps/p/champ-iced-coffee-flavoured-milk-600ml/,https://www.aldi.com.au/groceries/fresh-produce/dairy-eggs/,https://www.aldi.com.au/fileadmin/_processed_/b/a/csm_1001349_ALN-1_1x1_Q3_WEB-AUDIT_228x128_29_d1ac7edcfe.jpg,Aldi,0,2024-02-28T07:27:55.360Z,2024-02-28T07:27:55.360Z
65dee07bdb60e39590030681,Chocolate Flavoured Custard Pouch 70g,1.49,https://www.aldi.com.au/groceries/fresh-produce/dairy-eggs/dairy-eggs-detail/ps/p/chocolate-flavoured-custard-pouch-70g/,https://www.aldi.com.au/groceries/fresh-produce/dairy-eggs/,https://www.aldi.com.au/fileadmin/_processed_/9/1/csm_1000855_ALN-10_1x1_Q1_WEB-AUDIT_228x128_46_6b0caf328d.jpg,Aldi,0,2024-02-28T07:27:55.366Z,2024-02-28T07:27:55.366Z
65dee07bdb60e3959003067e,Chocolate Stampede Dairy Snack 12pk,4.99,https://www.aldi.com.au/groceries/fresh-produce/dairy-eggs/dairy-eggs-detail/ps/p/chocolate-stampede-dairy-snack-12pk/,https://www.aldi.com.au/groceries/fresh-produce/dairy-eggs/,https://www.aldi.com.au/fileadmin/_processed_/2/4/csm_1000855_ALN-10_1x1_Q1_WEB-AUDIT_228x128_14_88f1cbae96.jpg,Aldi,0,2024-02-28T07:27:55.365Z,2024-02-28T07:27:55.365Z
65dee07bdb60e3959003067f,Chocolate Stampede Dairy Snack 140g,1.99,https://www.aldi.com.au/groceries/fresh-produce/dairy-eggs/dairy-eggs-detail/ps/p/chocolate-stampede-dairy-snack-140g/,https://www.aldi.com.au/groceries/fresh-produce/dairy-eggs/,https://www.aldi.com.au/fileadmin/_processed_/7/c/csm_1000855_ALN-10_1x1_Q1_WEB-AUDIT_228x128_44_cf59506f2c.jpg,Aldi,0,2024-02-28T07:27:55.366Z,2024-02-28T07:27:55.366Z
65dee07bdb60e3959003065b,Emporium Selection Apricot & Almond Cream Cheese 200g,3.59,https://www.aldi.com.au/groceries/fresh-produce/dairy-eggs/dairy-eggs-detail/ps/p/emporium-selection-apricot-almond-cream-cheese-200-1/,https://www.aldi.com.au/groceries/fresh-produce/dairy-eggs/,https://www.aldi.com.au/fileadmin/_processed_/7/2/csm_ALN2853_AWARDS_CHEESE_1x1_228x128_5_c01878d297.jpg,Aldi,0,2024-02-28T07:27:55.363Z,2024-02-28T07:27:55.363Z
65dee07bdb60e3959003064c,Emporium Selection Ash Brie 150g,4.49,https://www.aldi.com.au/groceries/fresh-produce/dairy-eggs/dairy-eggs-detail/ps/p/emporium-selection-ash-brie-150g/,https://www.aldi.com.au/groceries/fresh-produce/dairy-eggs/,https://www.aldi.com.au/fileadmin/_processed_/2/3/csm_ALN2793_CHEESE_DAIRY_AWARDS_1x1_228x128_7_c6a1f1d479.jpg,Aldi,0,2024-02-28T07:27:55.362Z,2024-02-28T07:27:55.362Z
65dee07bdb60e39590030650,Emporium Selection Brie 125g,2.49,https://www.aldi.com.au/groceries/fresh-produce/dairy-eggs/dairy-eggs-detail/ps/p/emporium-selection-brie-125g/,https://www.aldi.com.au/groceries/fresh-produce/dairy-eggs/,https://www.aldi.com.au/fileadmin/_processed_/b/0/csm_ALN2364_AWARDS_CHEESE_1x1_228x128_5_7b82c5e783.jpg,Aldi,0,2024-02-28T07:27:55.363Z,2024-02-28T07:27:55.363Z
65dee07bdb60e3959003064f,Emporium Selection Camembert 125g,2.49,https://www.aldi.com.au/groceries/fresh-produce/dairy-eggs/dairy-eggs-detail/ps/p/emporium-selection-camembert-125g-2/,https://www.aldi.com.au/groceries/fresh-produce/dairy-eggs/,https://www.aldi.com.au/fileadmin/_processed_/b/0/csm_ALN2364_AWARDS_CHEESE_1x1_228x128_4_7e62db58f8.jpg,Aldi,0,2024-02-28T07:27:55.363Z,2024-02-28T07:27:55.363Z
65dee07bdb60e39590030652,Emporium Selection Danish Style Fetta Cheese 200g,2.99,https://www.aldi.com.au/groceries/fresh-produce/dairy-eggs/dairy-eggs-detail/ps/p/emporium-selection-danish-style-fetta-cheese-200g/,https://www.aldi.com.au/groceries/fresh-produce/dairy-eggs/,https://www.aldi.com.au/fileadmin/_processed_/b/a/csm_ALN1000838-3_AWARDS_1x1_228x128_2_1aad9b5636.jpg,Aldi,0,2024-02-28T07:27:55.363Z,2024-02-28T07:27:55.363Z
65dee07bdb60e3959003064d,Emporium Selection Double Cream Camembert 200g,4.99,https://www.aldi.com.au/groceries/fresh-produce/dairy-eggs/dairy-eggs-detail/ps/p/emporium-selection-double-cream-camembert-200g-7/,https://www.aldi.com.au/groceries/fresh-produce/dairy-eggs/,https://www.aldi.com.au/fileadmin/_processed_/b/8/csm_ALN2364_AWARDS_CHEESE_1x1_228x128_2_8d758e7d17.jpg,Aldi,0,2024-02-28T07:27:55.362Z,2024-02-28T07:27:55.362Z
65dee07bdb60e39590030653,Emporium Selection Greek Style Fetta Cheese 200g,2.99,https://www.aldi.com.au/groceries/fresh-produce/dairy-eggs/dairy-eggs-detail/ps/p/emporium-selection-greek-style-fetta-cheese-200g/,https://www.aldi.com.au/groceries/fresh-produce/dairy-eggs/,https://www.aldi.com.au/fileadmin/_processed_/d/c/csm_ALN1000838-3_AWARDS_1x1_228x128_3_4dceb380af.jpg,Aldi,0,2024-02-28T07:27:55.363Z,2024-02-28T07:27:55.363Z
65dee07bdb60e39590030651,Emporium Selection Persian Fetta 180g,3.99,https://www.aldi.com.au/groceries/fresh-produce/dairy-eggs/dairy-eggs-detail/ps/p/emporium-selection-persian-fetta-180g/,https://www.aldi.com.au/groceries/fresh-produce/dairy-eggs/,https://www.aldi.com.au/fileadmin/_processed_/1/4/csm_ALN2364_AWARDS_CHEESE_1x1_228x128_6_174dc7f242.jpg,Aldi,0,2024-02-28T07:27:55.363Z,2024-02-28T07:27:55.363Z
65dee07bdb60e3959003064e,Emporium Selection Triple Cream Brie 200g,4.99,https://www.aldi.com.au/groceries/fresh-produce/dairy-eggs/dairy-eggs-detail/ps/p/emporium-selection-triple-cream-brie-200g-7/,https://www.aldi.com.au/groceries/fresh-produce/dairy-eggs/,https://www.aldi.com.au/fileadmin/_processed_/9/5/csm_ALN2364_AWARDS_CHEESE_1x1_228x128_3_04cfd83d8a.jpg,Aldi,0,2024-02-28T07:27:55.362Z,2024-02-28T07:27:55.362Z
65dee07bdb60e39590030669,FARMDALE Light Sour Cream 300g,3.19,https://www.aldi.com.au/groceries/fresh-produce/dairy-eggs/dairy-eggs-detail/ps/p/farmdale-light-sour-cream-300g/,https://www.aldi.com.au/groceries/fresh-produce/dairy-eggs/,https://www.aldi.com.au/fileadmin/_processed_/4/9/csm_1001349_ALN-1_1x1_Q3_WEB-AUDIT_228x128_34_9b804551df.jpg,Aldi,0,2024-02-28T07:27:55.364Z,2024-02-28T07:27:55.364Z
65dee07bdb60e39590030667,FARMDALE Light Thickened Cream 300ml,2.79,https://www.aldi.com.au/groceries/fresh-produce/dairy-eggs/dairy-eggs-detail/ps/p/farmdale-light-thickened-cream-300ml/,https://www.aldi.com.au/groceries/fresh-produce/dairy-eggs/,https://www.aldi.com.au/fileadmin/_processed_/9/a/csm_1001349_ALN-1_1x1_Q3_WEB-AUDIT_228x128_31_085e977115.jpg,Aldi,0,2024-02-28T07:27:55.364Z,2024-02-28T07:27:55.364Z
65dee07bdb60e39590030668,FARMDALE Sour Cream 300g,3.19,https://www.aldi.com.au/groceries/fresh-produce/dairy-eggs/dairy-eggs-detail/ps/p/farmdale-sour-cream-300g-1/,https://www.aldi.com.au/groceries/fresh-produce/dairy-eggs/,https://www.aldi.com.au/fileadmin/_processed_/0/f/csm_1001349_ALN-1_1x1_Q3_WEB-AUDIT_228x128_33_c9b85a10f3.jpg,Aldi,0,2024-02-28T07:27:55.364Z,2024-02-28T07:27:55.364Z
65dee07bdb60e39590030666,FARMDALE Thickened Cream 600ml,4.49,https://www.aldi.com.au/groceries/fresh-produce/dairy-eggs/dairy-eggs-detail/ps/p/farmdale-thickened-cream-600ml-1/,https://www.aldi.com.au/groceries/fresh-produce/dairy-eggs/,https://www.aldi.com.au/fileadmin/_processed_/6/4/csm_1001349_ALN-1_1x1_Q3_WEB-AUDIT_228x128_30_0db32237f1.jpg,Aldi,0,2024-02-28T07:27:55.364Z,2024-02-28T07:27:55.364Z
65dee07bdb60e39590030635,Farmdale Evaporated Milk 384mL,1.89,https://www.aldi.com.au/groceries/fresh-produce/dairy-eggs/dairy-eggs-detail/ps/p/farmdale-evaporated-milk-384ml/,https://www.aldi.com.au/groceries/fresh-produce/dairy-eggs/,,Aldi,0,2024-02-28T07:27:55.361Z,2024-02-28T07:27:55.361Z
65dee07bdb60e39590030627,Farmdale Full Cream Milk Powder 1kg,8.49,https://www.aldi.com.au/groceries/fresh-produce/dairy-eggs/dairy-eggs-detail/ps/p/farmdale-full-cream-milk-powder-1kg-1/,https://www.aldi.com.au/groceries/fresh-produce/dairy-eggs/,,Aldi,0,2024-02-28T07:27:55.360Z,2024-02-28T07:27:55.360Z
65dee07bdb60e3959003061b,Farmdale Full Cream Milk UHT 1L,1.59,https://www.aldi.com.au/groceries/fresh-produce/dairy-eggs/dairy-eggs-detail/ps/p/farmdale-full-cream-milk-uht-1l/,https://www.aldi.com.au/groceries/fresh-produce/dairy-eggs/,,Aldi,0,2024-02-28T07:27:55.359Z,2024-02-28T07:27:55.359Z
65dee07bdb60e39590030622,Farmdale Lactose Free Full Cream Milk 1L,2.79,https://www.aldi.com.au/groceries/fresh-produce/dairy-eggs/dairy-eggs-detail/ps/p/farmdale-lactose-free-full-cream-milk-1l-1/,https://www.aldi.com.au/groceries/fresh-produce/dairy-eggs/,https://www.aldi.com.au/fileadmin/_processed_/9/d/csm_1000855_ALN-10_1x1_Q1_WEB-AUDIT_228x128_37_6934e81d52.jpg,Aldi,0,2024-02-28T07:27:55.360Z,2024-02-28T07:27:55.360Z
65dee07bdb60e3959003061c,Farmdale Light Milk UHT 1L,1.59,https://www.aldi.com.au/groceries/fresh-produce/dairy-eggs/dairy-eggs-detail/ps/p/farmdale-light-milk-uht-1l/,https://www.aldi.com.au/groceries/fresh-produce/dairy-eggs/,,Aldi,0,2024-02-28T07:27:55.359Z,2024-02-28T07:27:55.359Z
65dee07bdb60e39590030633,Farmdale Moobox Milk Chocolate 6pk,4.69,https://www.aldi.com.au/groceries/fresh-produce/dairy-eggs/dairy-eggs-detail/ps/p/farmdale-moobox-milk-chocolate-6pk/,https://www.aldi.com.au/groceries/fresh-produce/dairy-eggs/,,Aldi,0,2024-02-28T07:27:55.361Z,2024-02-28T07:27:55.361Z
65dee07bdb60e39590030632,Farmdale Moobox Milk Strawberry 6pk,4.69,https://www.aldi.com.au/groceries/fresh-produce/dairy-eggs/dairy-eggs-detail/ps/p/farmdale-moobox-milk-strawberry-6pk/,https://www.aldi.com.au/groceries/fresh-produce/dairy-eggs/,,Aldi,0,2024-02-28T07:27:55.361Z,2024-02-28T07:27:55.361Z
65dee07bdb60e3959003061a,Farmdale Organic Full Cream Milk 1L,2.39,https://www.aldi.com.au/groceries/fresh-produce/dairy-eggs/dairy-eggs-detail/ps/p/farmdale-organic-full-cream-milk-1l/,https://www.aldi.com.au/groceries/fresh-produce/dairy-eggs/,https://www.aldi.com.au/fileadmin/_processed_/4/e/csm_1001605-3_1x1_Q4_WEB-AUDIT_DAIRY_228x128_18_ad31fcab18.jpg,Aldi,0,2024-02-28T07:27:55.359Z,2024-02-28T07:27:55.359Z
65dee07bdb60e3959003066b,Farmdale Pouring Cream 300ml,2.79,https://www.aldi.com.au/groceries/fresh-produce/dairy-eggs/dairy-eggs-detail/ps/p/farmdale-pouring-cream-300ml/,https://www.aldi.com.au/groceries/fresh-produce/dairy-eggs/,,Aldi,0,2024-02-28T07:27:55.364Z,2024-02-28T07:27:55.364Z
65dee07bdb60e39590030634,Farmdale Sweetened Condensed Milk 397g,1.79,https://www.aldi.com.au/groceries/fresh-produce/dairy-eggs/dairy-eggs-detail/ps/p/farmdale-sweetened-condensed-milk-397g/,https://www.aldi.com.au/groceries/fresh-produce/dairy-eggs/,,Aldi,0,2024-02-28T07:27:55.361Z,2024-02-28T07:27:55.361Z
65dee07bdb60e3959003066c,Farmdale Thickened Cream 300ml,2.79,https://www.aldi.com.au/groceries/fresh-produce/dairy-eggs/dairy-eggs-detail/ps/p/farmdale-thickened-cream-300ml/,https://www.aldi.com.au/groceries/fresh-produce/dairy-eggs/,,Aldi,0,2024-02-28T07:27:55.364Z,2024-02-28T07:27:55.364Z
65dee07bdb60e3959003066a,Farmdale Whipped Cream 250g,5.29,https://www.aldi.com.au/groceries/fresh-produce/dairy-eggs/dairy-eggs-detail/ps/p/farmdale-whipped-cream-250g/,https://www.aldi.com.au/groceries/fresh-produce/dairy-eggs/,https://www.aldi.com.au/fileadmin/_processed_/0/9/csm_1001605-3_1x1_Q4_WEB-AUDIT_DAIRY_228x128_17_f0f9888018.jpg,Aldi,0,2024-02-28T07:27:55.364Z,2024-02-28T07:27:55.364Z
65dee07bdb60e3959003061e,Farmdale Full Cream Milk UHT 2L,3.09,https://www.aldi.com.au/groceries/fresh-produce/dairy-eggs/dairy-eggs-detail/ps/p/farmdale-full-cream-milk-uht-2l/,https://www.aldi.com.au/groceries/fresh-produce/dairy-eggs/,https://www.aldi.com.au/fileadmin/_processed_/2/e/csm_1000855_ALN-10_1x1_Q1_WEB-AUDIT_228x128_35_4d9610744a.jpg,Aldi,0,2024-02-28T07:27:55.359Z,2024-02-28T07:27:55.359Z
65dee07bdb60e39590030621,Farmdale Lactose Free Low Fat UHT Milk 1L,1.59,https://www.aldi.com.au/groceries/fresh-produce/dairy-eggs/dairy-eggs-detail/ps/p/farmdale-lactose-free-low-fat-uht-milk-1l/,https://www.aldi.com.au/groceries/fresh-produce/dairy-eggs/,,Aldi,0,2024-02-28T07:27:55.359Z,2024-02-28T07:27:55.359Z
65dee07bdb60e39590030620,Farmdale Lactose Free UHT Milk 1L,1.59,https://www.aldi.com.au/groceries/fresh-produce/dairy-eggs/dairy-eggs-detail/ps/p/farmdale-lactose-free-uht-milk-1l/,https://www.aldi.com.au/groceries/fresh-produce/dairy-eggs/,,Aldi,0,2024-02-28T07:27:55.359Z,2024-02-28T07:27:55.359Z
65dee07bdb60e3959003061d,Farmdale Skim Milk UHT 1L,1.59,https://www.aldi.com.au/groceries/fresh-produce/dairy-eggs/dairy-eggs-detail/ps/p/farmdale-skim-milk-uht-1l/,https://www.aldi.com.au/groceries/fresh-produce/dairy-eggs/,,Aldi,0,2024-02-28T07:27:55.359Z,2024-02-28T07:27:55.359Z
65dee07bdb60e3959003061f,Farmdale Skim Milk UHT 2L,3.09,https://www.aldi.com.au/groceries/fresh-produce/dairy-eggs/dairy-eggs-detail/ps/p/farmdale-skim-milk-uht-2l/,https://www.aldi.com.au/groceries/fresh-produce/dairy-eggs/,https://www.aldi.com.au/fileadmin/_processed_/6/d/csm_1000855_ALN-10_1x1_Q1_WEB-AUDIT_228x128_36_a4f4bae771.jpg,Aldi,0,2024-02-28T07:27:55.359Z,2024-02-28T07:27:55.359Z
65dee07bdb60e39590030683,Food Envy Chocolate Mousse 2 x 62g,2.49,https://www.aldi.com.au/groceries/fresh-produce/dairy-eggs/dairy-eggs-detail/ps/p/food-envy-chocolate-mousse-2-x-62g/,https://www.aldi.com.au/groceries/fresh-produce/dairy-eggs/,https://www.aldi.com.au/fileadmin/_processed_/7/e/csm_ALN3248_Q1_WEB-AUDIT__DAIRY_EGGS__1x1_228x128_4_e39cb47ebd.jpg,Aldi,0,2024-02-28T07:27:55.366Z,2024-02-28T07:27:55.366Z
65dee07bdb60e39590030684,Food Envy Chocolate Mousse with Salted Caramel 2 x 62g,2.49,https://www.aldi.com.au/groceries/fresh-produce/dairy-eggs/dairy-eggs-detail/ps/p/food-envy-chocolate-mousse-with-salted-caramel-2-x/,https://www.aldi.com.au/groceries/fresh-produce/dairy-eggs/,https://www.aldi.com.au/fileadmin/_processed_/1/b/csm_ALN3248_Q1_WEB-AUDIT__DAIRY_EGGS__1x1_228x128_5_414a6294b8.jpg,Aldi,0,2024-02-28T07:27:55.366Z,2024-02-28T07:27:55.366Z
65dee07bdb60e39590030685,Food Envy Crème Caramel 2 x 150g,2.99,https://www.aldi.com.au/groceries/fresh-produce/dairy-eggs/dairy-eggs-detail/ps/p/food-envy-creme-caramel-2-x-150g-1/,https://www.aldi.com.au/groceries/fresh-produce/dairy-eggs/,https://www.aldi.com.au/fileadmin/_processed_/f/1/csm_ALN3248_Q1_WEB-AUDIT__DAIRY_EGGS__1x1_228x128_6_afa8574068.jpg,Aldi,0,2024-02-28T07:27:55.366Z,2024-02-28T07:27:55.366Z
65dee07bdb60e3959003068a,Food Envy Italian Family Desserts 500g,6.99,https://www.aldi.com.au/groceries/fresh-produce/dairy-eggs/dairy-eggs-detail/ps/p/food-envy-italian-family-desserts-500g/,https://www.aldi.com.au/groceries/fresh-produce/dairy-eggs/,https://www.aldi.com.au/fileadmin/_processed_/6/7/csm_ALN3354_Q2-WEB-AUDIT_1x1_228x128_20_e179d3de73.jpg,Aldi,0,2024-02-28T07:27:55.367Z,2024-02-28T07:27:55.367Z
65dee07bdb60e39590030688,Food Envy Mini Dutch Pancakes 250g,3.99,https://www.aldi.com.au/groceries/fresh-produce/dairy-eggs/dairy-eggs-detail/ps/p/food-envy-mini-dutch-pancakes-250g/,https://www.aldi.com.au/groceries/fresh-produce/dairy-eggs/,https://www.aldi.com.au/fileadmin/_processed_/3/7/csm_ALN3354_Q2-WEB-AUDIT_1x1_228x128_18_689098131d.jpg,Aldi,0,2024-02-28T07:27:55.367Z,2024-02-28T07:27:55.367Z
65dee07bdb60e39590030689,Food Envy Rice Pudding Vanilla Bean 2 x 170g,2.99,https://www.aldi.com.au/groceries/fresh-produce/dairy-eggs/dairy-eggs-detail/ps/p/food-envy-rice-pudding-vanilla-bean-2-x-170g/,https://www.aldi.com.au/groceries/fresh-produce/dairy-eggs/,https://www.aldi.com.au/fileadmin/_processed_/f/c/csm_ALN3354_Q2-WEB-AUDIT_1x1_228x128_19_3224bd2e94.jpg,Aldi,0,2024-02-28T07:27:55.367Z,2024-02-28T07:27:55.367Z
65dee07bdb60e39590030687,Food Envy Sweet Crepes 8pk/480g,3.99,https://www.aldi.com.au/groceries/fresh-produce/dairy-eggs/dairy-eggs-detail/ps/p/food-envy-sweet-crepes-8pk480g/,https://www.aldi.com.au/groceries/fresh-produce/dairy-eggs/,https://www.aldi.com.au/fileadmin/_processed_/e/0/csm_ALN3354_Q2-WEB-AUDIT_1x1_228x128_17_1b62f641f0.jpg,Aldi,0,2024-02-28T07:27:55.367Z,2024-02-28T07:27:55.367Z
65dee07bdb60e3959003062f,Inner Goodness - Barista Long Life Almond Unsweetened Milk 1L,2.99,https://www.aldi.com.au/groceries/fresh-produce/dairy-eggs/dairy-eggs-detail/ps/p/inner-goodness-barista-long-life-almond-unsweetene/,https://www.aldi.com.au/groceries/fresh-produce/dairy-eggs/,,Aldi,0,2024-02-28T07:27:55.361Z,2024-02-28T07:27:55.361Z
65dee07bdb60e39590030630,Inner Goodness - Barista Long Life Oat Milk 1L,2.99,https://www.aldi.com.au/groceries/fresh-produce/dairy-eggs/dairy-eggs-detail/ps/p/inner-goodness-barista-long-life-oat-milk-1l/,https://www.aldi.com.au/groceries/fresh-produce/dairy-eggs/,,Aldi,0,2024-02-28T07:27:55.361Z,2024-02-28T07:27:55.361Z
65dee07bdb60e39590030619,Inner Goodness Almond Milk 1L,2.79,https://www.aldi.com.au/groceries/fresh-produce/dairy-eggs/dairy-eggs-detail/ps/p/inner-goodness-almond-milk-1l/,https://www.aldi.com.au/groceries/fresh-produce/dairy-eggs/,https://www.aldi.com.au/fileadmin/_processed_/a/6/csm_1001605-3_1x1_Q4_WEB-AUDIT_DAIRY_228x128_16_4678124e2a.jpg,Aldi,0,2024-02-28T07:27:55.358Z,2024-02-28T07:27:55.358Z
65dee07bdb60e3959003062e,Inner Goodness Long Life Rice Milk 1L,1.99,https://www.aldi.com.au/groceries/fresh-produce/dairy-eggs/dairy-eggs-detail/ps/p/inner-goodness-long-life-rice-milk-1l/,https://www.aldi.com.au/groceries/fresh-produce/dairy-eggs/,,Aldi,0,2024-02-28T07:27:55.361Z,2024-02-28T07:27:55.361Z
65dee07bdb60e39590030618,Inner Goodness Soy Milk 1L,2.25,https://www.aldi.com.au/groceries/fresh-produce/dairy-eggs/dairy-eggs-detail/ps/p/inner-goodness-soy-milk-1l/,https://www.aldi.com.au/groceries/fresh-produce/dairy-eggs/,https://www.aldi.com.au/fileadmin/_processed_/1/5/csm_1001605-3_1x1_Q4_WEB-AUDIT_DAIRY_228x128_15_3390251598.jpg,Aldi,0,2024-02-28T07:27:55.357Z,2024-02-28T07:27:55.357Z
65dee07bdb60e39590030637,Lodge Farms Extra Large Free Range Eggs 12pk/700g,5.19,https://www.aldi.com.au/groceries/fresh-produce/dairy-eggs/dairy-eggs-detail/ps/p/lodge-farms-extra-large-free-range-eggs-12pk700g/,https://www.aldi.com.au/groceries/fresh-produce/dairy-eggs/,https://www.aldi.com.au/fileadmin/_processed_/4/8/csm_1001829-2_Q1-WEB-AUDIT_DAIRY-EGGS_1x1_228x128_2_RET_b1edd22128.png,Aldi,0,2024-02-28T07:27:55.361Z,2024-02-28T07:27:55.361Z
65dee07bdb60e39590030636,Lodge Farms Large Free Range Eggs 12pk/600g,4.99,https://www.aldi.com.au/groceries/fresh-produce/dairy-eggs/dairy-eggs-detail/ps/p/lodge-farms-large-free-range-eggs-12pk600g/,https://www.aldi.com.au/groceries/fresh-produce/dairy-eggs/,https://www.aldi.com.au/fileadmin/_processed_/b/8/csm_1001829-2_Q1-WEB-AUDIT_DAIRY-EGGS_1x1_228x128_1_RET_9c6e565848.png,Aldi,0,2024-02-28T07:27:55.361Z,2024-02-28T07:27:55.361Z
65dee07bdb60e3959003066d,Lyttos Greek Style Natural Yogurt 2kg,10.99,https://www.aldi.com.au/groceries/fresh-produce/dairy-eggs/dairy-eggs-detail/ps/p/lyttos-greek-style-natural-yogurt-2kg-3/,https://www.aldi.com.au/groceries/fresh-produce/dairy-eggs/,https://www.aldi.com.au/fileadmin/_processed_/f/2/csm_1001829-2_Q1-WEB-AUDIT_DAIRY-EGGS_1x1_228x128_4_RET_360267f1c1.png,Aldi,0,2024-02-28T07:27:55.364Z,2024-02-28T07:27:55.364Z
65dee07bdb60e39590030659,Manhattan Cottage Cheese 500g,5.49,https://www.aldi.com.au/groceries/fresh-produce/dairy-eggs/dairy-eggs-detail/ps/p/manhattan-cottage-cheese-500g-1/,https://www.aldi.com.au/groceries/fresh-produce/dairy-eggs/,https://www.aldi.com.au/fileadmin/_processed_/f/5/csm_ALN2853_AWARDS_CHEESE_1x1_228x128_4_52a32c5c02.jpg,Aldi,0,2024-02-28T07:27:55.363Z,2024-02-28T07:27:55.363Z
65dee07bdb60e39590030682,Marvellicious Choc Mousse 12pk,5.99,https://www.aldi.com.au/groceries/fresh-produce/dairy-eggs/dairy-eggs-detail/ps/p/marvellicious-choc-mousse-12pk/,https://www.aldi.com.au/groceries/fresh-produce/dairy-eggs/,https://www.aldi.com.au/fileadmin/_processed_/8/f/csm_1000855_ALN-10_1x1_Q1_WEB-AUDIT_228x128_47_86562ed2c0.jpg,Aldi,0,2024-02-28T07:27:55.366Z,2024-02-28T07:27:55.366Z
65dee07bdb60e3959003062c,Milk UHT Almond Original 1L,1.89,https://www.aldi.com.au/groceries/fresh-produce/dairy-eggs/dairy-eggs-detail/ps/p/milk-uht-almond-original-1l/,https://www.aldi.com.au/groceries/fresh-produce/dairy-eggs/,,Aldi,0,2024-02-28T07:27:55.360Z,2024-02-28T07:27:55.360Z
65dee07bdb60e3959003062b,Milk UHT Almond Unsweetened 1L,1.89,https://www.aldi.com.au/groceries/fresh-produce/dairy-eggs/dairy-eggs-detail/ps/p/milk-uht-almond-unsweetened-1l/,https://www.aldi.com.au/groceries/fresh-produce/dairy-eggs/,,Aldi,0,2024-02-28T07:27:55.360Z,2024-02-28T07:27:55.360Z
65dee07bdb60e3959003068d,Pick'd Apple Mango 2L,4.99,https://www.aldi.com.au/groceries/fresh-produce/dairy-eggs/dairy-eggs-detail/ps/p/pickd-apple-mango-2l/,https://www.aldi.com.au/groceries/fresh-produce/dairy-eggs/,,Aldi,0,2024-02-28T07:27:55.367Z,2024-02-28T07:27:55.367Z
65dee07bdb60e3959003068e,Pick'd Cloudy Apple 2L,4.69,https://www.aldi.com.au/groceries/fresh-produce/dairy-eggs/dairy-eggs-detail/ps/p/pickd-cloudy-apple-2l/,https://www.aldi.com.au/groceries/fresh-produce/dairy-eggs/,,Aldi,0,2024-02-28T07:27:55.368Z,2024-02-28T07:27:55.368Z
65dee07bdb60e3959003068f,Pick'd Orange Pulp 1L,3.49,https://www.aldi.com.au/groceries/fresh-produce/dairy-eggs/dairy-eggs-detail/ps/p/pickd-orange-pulp-1l/,https://www.aldi.com.au/groceries/fresh-produce/dairy-eggs/,,Aldi,0,2024-02-28T07:27:55.368Z,2024-02-28T07:27:55.368Z
65dee07bdb60e3959003068b,Pick’d Orange Pulp 2L,4.69,https://www.aldi.com.au/groceries/fresh-produce/dairy-eggs/dairy-eggs-detail/ps/p/pickd-orange-pulp-2l/,https://www.aldi.com.au/groceries/fresh-produce/dairy-eggs/,,Aldi,0,2024-02-28T07:27:55.367Z,2024-02-28T07:27:55.367Z
65dee07bdb60e3959003068c,Pick’d Orange Pulp Free 2L,4.69,https://www.aldi.com.au/groceries/fresh-produce/dairy-eggs/dairy-eggs-detail/ps/p/pickd-orange-pulp-free-2l/,https://www.aldi.com.au/groceries/fresh-produce/dairy-eggs/,,Aldi,0,2024-02-28T07:27:55.367Z,2024-02-28T07:27:55.367Z
65dee07bdb60e39590030672,Premiere Fruit Swirl Blueberry Yogurt 720g,5.79,https://www.aldi.com.au/groceries/fresh-produce/dairy-eggs/dairy-eggs-detail/ps/p/premiere-fruit-swirl-blueberry-yogurt-720g/,https://www.aldi.com.au/groceries/fresh-produce/dairy-eggs/,https://www.aldi.com.au/fileadmin/_processed_/b/c/csm_1001829-2_Q1-WEB-AUDIT_DAIRY-EGGS_1x1_228x128_9_RET_7050c14332.png,Aldi,0,2024-02-28T07:27:55.365Z,2024-02-28T07:27:55.365Z
65dee07bdb60e3959003067d,Premiere Indulgent Mix Berry 990g,5.99,https://www.aldi.com.au/groceries/fresh-produce/dairy-eggs/dairy-eggs-detail/ps/p/premiere-indulgent-mix-berry-990g/,https://www.aldi.com.au/groceries/fresh-produce/dairy-eggs/,,Aldi,0,2024-02-28T07:27:55.365Z,2024-02-28T07:27:55.365Z
65dee07bdb60e3959003067b,Premiere Indulgent Tropical 990g,5.99,https://www.aldi.com.au/groceries/fresh-produce/dairy-eggs/dairy-eggs-detail/ps/p/premiere-indulgent-tropical-990g/,https://www.aldi.com.au/groceries/fresh-produce/dairy-eggs/,,Aldi,0,2024-02-28T07:27:55.365Z,2024-02-28T07:27:55.365Z
65dee07bdb60e3959003067c,Premiere Indulgent Vanilla Bean 990g,5.99,https://www.aldi.com.au/groceries/fresh-produce/dairy-eggs/dairy-eggs-detail/ps/p/premiere-indulgent-vanilla-bean-990g/,https://www.aldi.com.au/groceries/fresh-produce/dairy-eggs/,,Aldi,0,2024-02-28T07:27:55.365Z,2024-02-28T07:27:55.365Z
65dee07bdb60e39590030674,Premiére Mango Yogurt 4x115g,3.49,https://www.aldi.com.au/groceries/fresh-produce/dairy-eggs/dairy-eggs-detail/ps/p/premire-mango-yogurt-4x115g/,https://www.aldi.com.au/groceries/fresh-produce/dairy-eggs/,https://www.aldi.com.au/fileadmin/_processed_/8/7/csm_1001829-2_Q1-WEB-AUDIT_DAIRY-EGGS_1x1_228x128_10_RET_7dc6319e8f.png,Aldi,0,2024-02-28T07:27:55.365Z,2024-02-28T07:27:55.365Z
65dee07bdb60e3959003063f,Pure Valley Salted Butter 250g,3.69,https://www.aldi.com.au/groceries/fresh-produce/dairy-eggs/dairy-eggs-detail/ps/p/pure-valley-salted-butter-250g/,https://www.aldi.com.au/groceries/fresh-produce/dairy-eggs/,https://www.aldi.com.au/fileadmin/_processed_/b/b/csm_1001829-2_Q1-WEB-AUDIT_DAIRY-EGGS_1x1_228x128_16_RET_0f56ec1950.png,Aldi,0,2024-02-28T07:27:55.362Z,2024-02-28T07:27:55.362Z
65dee07bdb60e39590030641,Pure Valley Salted Butter 500g,6.39,https://www.aldi.com.au/groceries/fresh-produce/dairy-eggs/dairy-eggs-detail/ps/p/pure-valley-salted-butter-500g/,https://www.aldi.com.au/groceries/fresh-produce/dairy-eggs/,https://www.aldi.com.au/fileadmin/_processed_/8/d/csm_1001829-2_Q1-WEB-AUDIT_DAIRY-EGGS_1x1_228x128_17_RET_7e86fead05.png,Aldi,0,2024-02-28T07:27:55.362Z,2024-02-28T07:27:55.362Z
65dee07bdb60e3959003063e,Pure Valley Salted Organic Butter 250g,4.49,https://www.aldi.com.au/groceries/fresh-produce/dairy-eggs/dairy-eggs-detail/ps/p/pure-valley-salted-organic-butter-250g/,https://www.aldi.com.au/groceries/fresh-produce/dairy-eggs/,https://www.aldi.com.au/fileadmin/_processed_/7/5/csm_1001829-2_Q1-WEB-AUDIT_DAIRY-EGGS_1x1_228x128_15_RET_9438d26360.png,Aldi,0,2024-02-28T07:27:55.361Z,2024-02-28T07:27:55.361Z
65dee07bdb60e39590030640,Pure Valley Unsalted Butter 250g,3.69,https://www.aldi.com.au/groceries/fresh-produce/dairy-eggs/dairy-eggs-detail/ps/p/pure-valley-unsalted-butter-250g/,https://www.aldi.com.au/groceries/fresh-produce/dairy-eggs/,,Aldi,0,2024-02-28T07:27:55.362Z,2024-02-28T07:27:55.362Z
65dee07bdb60e39590030642,Pure Valley Unsalted Butter 500g,6.39,https://www.aldi.com.au/groceries/fresh-produce/dairy-eggs/dairy-eggs-detail/ps/p/pure-valley-unsalted-butter-500g/,https://www.aldi.com.au/groceries/fresh-produce/dairy-eggs/,https://www.aldi.com.au/fileadmin/_processed_/1/a/csm_1001829-2_Q1-WEB-AUDIT_DAIRY-EGGS_1x1_228x128_18_RET_261473b1fc.png,Aldi,0,2024-02-28T07:27:55.362Z,2024-02-28T07:27:55.362Z
65dee07bdb60e3959003065e,Snackers Market Cheese & Mini Crackers 35g,1.99,https://www.aldi.com.au/groceries/fresh-produce/dairy-eggs/dairy-eggs-detail/ps/p/snackers-market-cheese-mini-crackers-35g/,https://www.aldi.com.au/groceries/fresh-produce/dairy-eggs/,https://www.aldi.com.au/fileadmin/_processed_/2/4/csm_1001605-11_1x1_Q4_WEB-AUDIT_SNACKS_228x128_3_3f54a98523.jpg,Aldi,0,2024-02-28T07:27:55.363Z,2024-02-28T07:27:55.363Z
65dee07bdb60e3959003065d,Snackers Market Cheese & Pretzels 40g,1.99,https://www.aldi.com.au/groceries/fresh-produce/dairy-eggs/dairy-eggs-detail/ps/p/snackers-market-cheese-pretzels-40g/,https://www.aldi.com.au/groceries/fresh-produce/dairy-eggs/,https://www.aldi.com.au/fileadmin/_processed_/9/4/csm_1001605-11_1x1_Q4_WEB-AUDIT_SNACKS_228x128_2_4884a9353e.jpg,Aldi,0,2024-02-28T07:27:55.363Z,2024-02-28T07:27:55.363Z
65dee07bdb60e39590030663,Snackers Market Cheese Streamers 160g,4.29,https://www.aldi.com.au/groceries/fresh-produce/dairy-eggs/dairy-eggs-detail/ps/p/snackers-market-cheese-streamers-160g/,https://www.aldi.com.au/groceries/fresh-produce/dairy-eggs/,,Aldi,0,2024-02-28T07:27:55.364Z,2024-02-28T07:27:55.364Z
65dee07bdb60e3959003065f,Snackers Market Cheese Strips 8pk/168g,3.79,https://www.aldi.com.au/groceries/fresh-produce/dairy-eggs/dairy-eggs-detail/ps/p/snackers-market-cheese-strips-8pk168g/,https://www.aldi.com.au/groceries/fresh-produce/dairy-eggs/,https://www.aldi.com.au/fileadmin/_processed_/e/0/csm_1001605-11_1x1_Q4_WEB-AUDIT_SNACKS_228x128_6_3346493ff5.jpg,Aldi,0,2024-02-28T07:27:55.363Z,2024-02-28T07:27:55.363Z
65dee07bdb60e39590030664,Snackers Market Cheese and Cabanossi 50g,2.79,https://www.aldi.com.au/groceries/fresh-produce/dairy-eggs/dairy-eggs-detail/ps/p/snackers-market-cheese-and-cabanossi-50g/,https://www.aldi.com.au/groceries/fresh-produce/dairy-eggs/,,Aldi,0,2024-02-28T07:27:55.364Z,2024-02-28T07:27:55.364Z
65dee07bdb60e39590030661,Snackers Market Dip & Crackers 65g,1.69,https://www.aldi.com.au/groceries/fresh-produce/dairy-eggs/dairy-eggs-detail/ps/p/snackers-market-dip-crackers-65g/,https://www.aldi.com.au/groceries/fresh-produce/dairy-eggs/,,Aldi,0,2024-02-28T07:27:55.364Z,2024-02-28T07:27:55.364Z
65dee07bdb60e39590030665,Snackers Market Edam Gouda Squares 100g,2.99,https://www.aldi.com.au/groceries/fresh-produce/dairy-eggs/dairy-eggs-detail/ps/p/snackers-market-edam-gouda-squares-100g/,https://www.aldi.com.au/groceries/fresh-produce/dairy-eggs/,,Aldi,0,2024-02-28T07:27:55.364Z,2024-02-28T07:27:55.364Z
65dee07bdb60e39590030660,"Snackers Market Ham, Cheese and Crackers 50g",2.99,https://www.aldi.com.au/groceries/fresh-produce/dairy-eggs/dairy-eggs-detail/ps/p/snackers-market-ham-cheese-and-crackers-50g/,https://www.aldi.com.au/groceries/fresh-produce/dairy-eggs/,,Aldi,0,2024-02-28T07:27:55.364Z,2024-02-28T07:27:55.364Z
65dee07bdb60e3959003065c,"Snackers Market Salami, Cheese and Crackers 50g",2.99,https://www.aldi.com.au/groceries/fresh-produce/dairy-eggs/dairy-eggs-detail/ps/p/snackers-market-salami-cheese-and-crackers-50g/,https://www.aldi.com.au/groceries/fresh-produce/dairy-eggs/,,Aldi,0,2024-02-28T07:27:55.363Z,2024-02-28T07:27:55.363Z
65dee07bdb60e39590030662,Snackers Market Tasty Cheese and Crackers 4pk,3.99,https://www.aldi.com.au/groceries/fresh-produce/dairy-eggs/dairy-eggs-detail/ps/p/snackers-market-tasty-cheese-and-crackers-4pk/,https://www.aldi.com.au/groceries/fresh-produce/dairy-eggs/,,Aldi,0,2024-02-28T07:27:55.364Z,2024-02-28T07:27:55.364Z
65dee07bdb60e3959003063b,Sunnyvale Cholesterol Spread 500g,4.49,https://www.aldi.com.au/groceries/fresh-produce/dairy-eggs/dairy-eggs-detail/ps/p/sunnyvale-cholesterol-spread-500g/,https://www.aldi.com.au/groceries/fresh-produce/dairy-eggs/,https://www.aldi.com.au/fileadmin/_processed_/c/2/csm_1000855_ALN-10_1x1_Q1_WEB-AUDIT_228x128_42_fdd5e03db0.jpg,Aldi,0,2024-02-28T07:27:55.361Z,2024-02-28T07:27:55.361Z
65dee07bdb60e39590030639,Sunnyvale Olive Spread Light 500g,3.49,https://www.aldi.com.au/groceries/fresh-produce/dairy-eggs/dairy-eggs-detail/ps/p/sunnyvale-olive-spread-light-500g/,https://www.aldi.com.au/groceries/fresh-produce/dairy-eggs/,https://www.aldi.com.au/fileadmin/_processed_/c/4/csm_1000855_ALN-10_1x1_Q1_WEB-AUDIT_228x128_40_1606febceb.jpg,Aldi,0,2024-02-28T07:27:55.361Z,2024-02-28T07:27:55.361Z
65dee07bdb60e39590030638,Sunnyvale Olive Spread Regular 500g,3.49,https://www.aldi.com.au/groceries/fresh-produce/dairy-eggs/dairy-eggs-detail/ps/p/sunnyvale-olive-spread-regular-500g/,https://www.aldi.com.au/groceries/fresh-produce/dairy-eggs/,https://www.aldi.com.au/fileadmin/_processed_/e/e/csm_1000855_ALN-10_1x1_Q1_WEB-AUDIT_228x128_39_79f67993a0.jpg,Aldi,0,2024-02-28T07:27:55.361Z,2024-02-28T07:27:55.361Z
65dee07bdb60e3959003063a,Sunnyvale Original Spread 500g,2.69,https://www.aldi.com.au/groceries/fresh-produce/dairy-eggs/dairy-eggs-detail/ps/p/sunnyvale-original-spread-500g/,https://www.aldi.com.au/groceries/fresh-produce/dairy-eggs/,https://www.aldi.com.au/fileadmin/_processed_/4/c/csm_1000855_ALN-10_1x1_Q1_WEB-AUDIT_228x128_41_31a3895187.jpg,Aldi,0,2024-02-28T07:27:55.361Z,2024-02-28T07:27:55.361Z
65dee07bdb60e3959003063c,Sunnyvale Table Spread 1kg,3.29,https://www.aldi.com.au/groceries/fresh-produce/dairy-eggs/dairy-eggs-detail/ps/p/sunnyvale-table-spread-1kg/,https://www.aldi.com.au/groceries/fresh-produce/dairy-eggs/,https://www.aldi.com.au/fileadmin/_processed_/e/6/csm_1000855_ALN-10_1x1_Q1_WEB-AUDIT_228x128_43_1412f89407.jpg,Aldi,0,2024-02-28T07:27:55.361Z,2024-02-28T07:27:55.361Z
65dee07bdb60e39590030629,UHT Milk Soy 1L,1.15,https://www.aldi.com.au/groceries/fresh-produce/dairy-eggs/dairy-eggs-detail/ps/p/uht-milk-soy-1l/,https://www.aldi.com.au/groceries/fresh-produce/dairy-eggs/,,Aldi,0,2024-02-28T07:27:55.360Z,2024-02-28T07:27:55.360Z
65dee07bdb60e3959003062a,UHT Milk Soy Light 1L,1.15,https://www.aldi.com.au/groceries/fresh-produce/dairy-eggs/dairy-eggs-detail/ps/p/uht-milk-soy-light-1l/,https://www.aldi.com.au/groceries/fresh-produce/dairy-eggs/,,Aldi,0,2024-02-28T07:27:55.360Z,2024-02-28T07:27:55.360Z
65dee07bdb60e3959003062d,UHT Oat Milk 1L,1.89,https://www.aldi.com.au/groceries/fresh-produce/dairy-eggs/dairy-eggs-detail/ps/p/uht-oat-milk-1l/,https://www.aldi.com.au/groceries/fresh-produce/dairy-eggs/,,Aldi,0,2024-02-28T07:27:55.360Z,2024-02-28T07:27:55.360Z
65dee07bdb60e39590030628,UHT Soy Organic Milk 1L,1.49,https://www.aldi.com.au/groceries/fresh-produce/dairy-eggs/dairy-eggs-detail/ps/p/uht-soy-organic-milk-1l/,https://www.aldi.com.au/groceries/fresh-produce/dairy-eggs/,,Aldi,0,2024-02-28T07:27:55.360Z,2024-02-28T07:27:55.360Z
65dee07bdb60e39590030686,Vanilla Flavoured Custard 1kg,2.59,https://www.aldi.com.au/groceries/fresh-produce/dairy-eggs/dairy-eggs-detail/ps/p/vanilla-flavoured-custard-1kg/,https://www.aldi.com.au/groceries/fresh-produce/dairy-eggs/,https://www.aldi.com.au/fileadmin/_processed_/7/6/csm_1000855_ALN-10_1x1_Q1_WEB-AUDIT_228x128_15_f6102ef229.jpg,Aldi,0,2024-02-28T07:27:55.366Z,2024-02-28T07:27:55.366Z
65dee07bdb60e39590030680,Vanilla Flavoured Custard Pouch 70g,1.49,https://www.aldi.com.au/groceries/fresh-produce/dairy-eggs/dairy-eggs-detail/ps/p/vanilla-flavoured-custard-pouch-70g/,https://www.aldi.com.au/groceries/fresh-produce/dairy-eggs/,https://www.aldi.com.au/fileadmin/_processed_/1/2/csm_1000855_ALN-10_1x1_Q1_WEB-AUDIT_228x128_45_393cc4c77a.jpg,Aldi,0,2024-02-28T07:27:55.366Z,2024-02-28T07:27:55.366Z
65dee07bdb60e39590030654,Westacre Colby Cheese Block 500g,6.99,https://www.aldi.com.au/groceries/fresh-produce/dairy-eggs/dairy-eggs-detail/ps/p/westacre-colby-cheese-block-500g-1/,https://www.aldi.com.au/groceries/fresh-produce/dairy-eggs/,,Aldi,0,2024-02-28T07:27:55.363Z,2024-02-28T07:27:55.363Z
65dee07bdb60e39590030647,Westacre Dairy Shredded Parmesan Cheese 250g,5.49,https://www.aldi.com.au/groceries/fresh-produce/dairy-eggs/dairy-eggs-detail/ps/p/westacre-dairy-shredded-parmesan-cheese-250g/,https://www.aldi.com.au/groceries/fresh-produce/dairy-eggs/,https://www.aldi.com.au/fileadmin/_processed_/d/7/csm_1001605-3_1x1_Q4_WEB-AUDIT_DAIRY_228x128_10_9d6ab97665.jpg,Aldi,0,2024-02-28T07:27:55.362Z,2024-02-28T07:27:55.362Z
65dee07bdb60e39590030645,Westacre Dairy Shredded Tasty Cheese 250g,4.99,https://www.aldi.com.au/groceries/fresh-produce/dairy-eggs/dairy-eggs-detail/ps/p/westacre-dairy-shredded-tasty-cheese-250g/,https://www.aldi.com.au/groceries/fresh-produce/dairy-eggs/,https://www.aldi.com.au/fileadmin/_processed_/5/a/csm_1001605-3_1x1_Q4_WEB-AUDIT_DAIRY_228x128_8_f76acd5233.jpg,Aldi,0,2024-02-28T07:27:55.362Z,2024-02-28T07:27:55.362Z
65dee07bdb60e39590030646,Westacre Dairy Shredded Tasty Cheese 700g,8.99,https://www.aldi.com.au/groceries/fresh-produce/dairy-eggs/dairy-eggs-detail/ps/p/westacre-dairy-shredded-tasty-cheese-700g/,https://www.aldi.com.au/groceries/fresh-produce/dairy-eggs/,https://www.aldi.com.au/fileadmin/_processed_/4/f/csm_1001605-3_1x1_Q4_WEB-AUDIT_DAIRY_228x128_9_2d50859a75.jpg,Aldi,0,2024-02-28T07:27:55.362Z,2024-02-28T07:27:55.362Z
65dee07bdb60e3959003065a,Westacre Dairy Smooth Ricotta 375g,3.29,https://www.aldi.com.au/groceries/fresh-produce/dairy-eggs/dairy-eggs-detail/ps/p/westacre-dairy-smooth-ricotta-375g/,https://www.aldi.com.au/groceries/fresh-produce/dairy-eggs/,,Aldi,0,2024-02-28T07:27:55.363Z,2024-02-28T07:27:55.363Z
65dee07bdb60e3959003064a,Westacre Dairy Tasty Cheese Block 1kg,9.49,https://www.aldi.com.au/groceries/fresh-produce/dairy-eggs/dairy-eggs-detail/ps/p/westacre-dairy-tasty-cheese-block-1kg/,https://www.aldi.com.au/groceries/fresh-produce/dairy-eggs/,https://www.aldi.com.au/fileadmin/_processed_/f/6/csm_1001605-3_1x1_Q4_WEB-AUDIT_DAIRY_228x128_13_fdcbf84fef.jpg,Aldi,0,2024-02-28T07:27:55.362Z,2024-02-28T07:27:55.362Z
65dee07bdb60e39590030644,Westacre Dairy Tasty Cheese Block 250g,5.49,https://www.aldi.com.au/groceries/fresh-produce/dairy-eggs/dairy-eggs-detail/ps/p/westacre-dairy-tasty-cheese-block-250g/,https://www.aldi.com.au/groceries/fresh-produce/dairy-eggs/,https://www.aldi.com.au/fileadmin/_processed_/9/1/csm_1001605-3_1x1_Q4_WEB-AUDIT_DAIRY_228x128_20_d147c7837d.jpg,Aldi,0,2024-02-28T07:27:55.362Z,2024-02-28T07:27:55.362Z
65dee07bdb60e39590030649,Westacre Dairy Tasty Cheese Block 500g,6.99,https://www.aldi.com.au/groceries/fresh-produce/dairy-eggs/dairy-eggs-detail/ps/p/westacre-dairy-tasty-cheese-block-500g/,https://www.aldi.com.au/groceries/fresh-produce/dairy-eggs/,https://www.aldi.com.au/fileadmin/_processed_/0/f/csm_1001605-3_1x1_Q4_WEB-AUDIT_DAIRY_228x128_12_19ad76e032.jpg,Aldi,0,2024-02-28T07:27:55.362Z,2024-02-28T07:27:55.362Z
65dee07bdb60e39590030658,Westacre Dairy Tasty Cheese Slices 250g,5.49,https://www.aldi.com.au/groceries/fresh-produce/dairy-eggs/dairy-eggs-detail/ps/p/westacre-dairy-tasty-cheese-slices-250g/,https://www.aldi.com.au/groceries/fresh-produce/dairy-eggs/,https://www.aldi.com.au/fileadmin/_processed_/9/2/csm_1001605-3_1x1_Q4_WEB-AUDIT_DAIRY_228x128_7_d1a1e356c8.jpg,Aldi,0,2024-02-28T07:27:55.363Z,2024-02-28T07:27:55.363Z
65dee07bdb60e39590030648,Westacre Dairy Tasty Cheese Slices 500g,7.99,https://www.aldi.com.au/groceries/fresh-produce/dairy-eggs/dairy-eggs-detail/ps/p/westacre-dairy-tasty-cheese-slices-500g/,https://www.aldi.com.au/groceries/fresh-produce/dairy-eggs/,https://www.aldi.com.au/fileadmin/_processed_/7/5/csm_1001605-3_1x1_Q4_WEB-AUDIT_DAIRY_228x128_11_4220d0af78.jpg,Aldi,0,2024-02-28T07:27:55.362Z,2024-02-28T07:27:55.362Z
65dee07bdb60e3959003064b,Westacre Dairy Vintage Cheese Block 500g,6.99,https://www.aldi.com.au/groceries/fresh-produce/dairy-eggs/dairy-eggs-detail/ps/p/westacre-dairy-vintage-cheese-block-500g/,https://www.aldi.com.au/groceries/fresh-produce/dairy-eggs/,https://www.aldi.com.au/fileadmin/_processed_/a/0/csm_1001605-3_1x1_Q4_WEB-AUDIT_DAIRY_228x128_14_5571715b2d.jpg,Aldi,0,2024-02-28T07:27:55.362Z,2024-02-28T07:27:55.362Z
65dee07bdb60e39590030657,Westacre Dairy Vintage Cheese Slices 250g,5.49,https://www.aldi.com.au/groceries/fresh-produce/dairy-eggs/dairy-eggs-detail/ps/p/westacre-dairy-vintage-cheese-slices-250g/,https://www.aldi.com.au/groceries/fresh-produce/dairy-eggs/,https://www.aldi.com.au/fileadmin/_processed_/f/a/csm_1001605-3_1x1_Q4_WEB-AUDIT_DAIRY_228x128_6_b81d1303b8.jpg,Aldi,0,2024-02-28T07:27:55.363Z,2024-02-28T07:27:55.363Z
65dee07bdb60e39590030656,Westacre Dairy Wrapped Cheese Slices 432g,3.3,https://www.aldi.com.au/groceries/fresh-produce/dairy-eggs/dairy-eggs-detail/ps/p/westacre-dairy-wrapped-cheese-slices-432g/,https://www.aldi.com.au/groceries/fresh-produce/dairy-eggs/,,Aldi,0,2024-02-28T07:27:55.363Z,2024-02-28T07:27:55.363Z
65dee07bdb60e39590030655,Westacre Dairy Wrapped Cheese Slices 432g,3.3,https://www.aldi.com.au/groceries/fresh-produce/dairy-eggs/dairy-eggs-detail/ps/p/westacre-dairy-wrapped-cheese-slices-432g-1/,https://www.aldi.com.au/groceries/fresh-produce/dairy-eggs/,,Aldi,0,2024-02-28T07:27:55.363Z,2024-02-28T07:27:55.363Z
65dee07bdb60e3959003067a,Yoguri High Protein Cup Salted Caramel 160g,1.99,https://www.aldi.com.au/groceries/fresh-produce/dairy-eggs/dairy-eggs-detail/ps/p/yoguri-high-protein-cup-salted-caramel-160g/,https://www.aldi.com.au/groceries/fresh-produce/dairy-eggs/,,Aldi,0,2024-02-28T07:27:55.365Z,2024-02-28T07:27:55.365Z
65dee07bdb60e39590030679,Yoguri High Protein Cup Strawberry 160g,1.99,https://www.aldi.com.au/groceries/fresh-produce/dairy-eggs/dairy-eggs-detail/ps/p/yoguri-high-protein-cup-strawberry-160g/,https://www.aldi.com.au/groceries/fresh-produce/dairy-eggs/,,Aldi,0,2024-02-28T07:27:55.365Z,2024-02-28T07:27:55.365Z
65dee07bdb60e39590030678,Yoguri High Protein Cup Vanilla 160g,1.99,https://www.aldi.com.au/groceries/fresh-produce/dairy-eggs/dairy-eggs-detail/ps/p/yoguri-high-protein-cup-vanilla-160g/,https://www.aldi.com.au/groceries/fresh-produce/dairy-eggs/,,Aldi,0,2024-02-28T07:27:55.365Z,2024-02-28T07:27:55.365Z
